Sample,Species,Prev.
Milk  (n=582),CA,68.0412371134021
Bile  (n=24),CA,12.5
Urine  (n=151),CA,9.93377483443709
Blood  (n=84),CA,2.38095238095238
Feces  (n=7724),CA,1.63127912998446
